url,label
https://google.com,0
https://youtube.com,0
https://github.com,0
https://wikipedia.org,0
https://microsoft.com,0
https://apple.com,0
https://amazon.com,0
https://python.org,0
https://stackoverflow.com,0
https://linkedin.com,0
http://secure-login-verify.com,1
http://account-verification.com/login,1
http://bank-secure-update.com,1
http://verify-your-account.com,1
http://free-prize-winner.com,1
http://password-reset-now.com,1
http://confirm-account-security.com,1
http://login-verification-required.com,1
http://claim-free-reward.com,1
http://secure-bank-login.com,1